<?xml version="1.0" encoding="UTF-8"?>
<project xmlns="http://maven.apache.org/POM/4.0.0" xmlns:xsi="http://www.w3.org/2001/XMLSchema-instance" xsi:schemaLocation="http://maven.apache.org/POM/4.0.0 http://maven.apache.org/maven-v4_0_0.xsd">
  <modelVersion>4.0.0</modelVersion>
  <groupId>com.znlhzl</groupId>
  <artifactId>BpData</artifactId>
  <version>1.0-SNAPSHOT</version>
  <build>
    <resources>
      <resource>
        <directory>src/main/resources</directory>
        <includes>
          <include>*.properties</include>
          <include>*.xml</include>
        </includes>
        <excludes>
          <exclude>*.txt</exclude>
        </excludes>
      </resource>
    </resources>
    <finalName>bpdata</finalName>
    <plugins>
      <plugin>
        <artifactId>maven-compiler-plugin</artifactId>
        <version>2.3.2</version>
        <configuration>
          <source>1.8</source>
          <target>1.8</target>
        </configuration>
      </plugin>
      <plugin>
        <artifactId>maven-shade-plugin</artifactId>
        <version>3.0.0</version>
        <executions>
          <execution>
            <phase>package</phase>
            <goals>
              <goal>shade</goal>
            </goals>
            <configuration>
              <artifactSet>
                <excludes>
                  <exclude>com.google.code.findbugs:jsr305</exclude>
                  <exclude>org.slf4j:*</exclude>
                  <exclude>log4j:*</exclude>
                  <exclude>org.codehaus.janino:*</exclude>
                </excludes>
              </artifactSet>
              <filters>
                <filter>
                  <artifact>*:*</artifact>
                  <excludes>
                    <exclude>META-INF/*.SF</exclude>
                    <exclude>META-INF/*.DSA</exclude>
                    <exclude>META-INF/*.RSA</exclude>
                  </excludes>
                </filter>
              </filters>
              <transformers>
                <transformer>
                  <mainClass>com.bao.flink.bp.BpGeoDistance</mainClass>
                </transformer>
              </transformers>
            </configuration>
          </execution>
        </executions>
      </plugin>
    </plugins>
  </build>
  <dependencies>
    <dependency>
      <groupId>org.slf4j</groupId>
      <artifactId>slf4j-api</artifactId>
      <version>1.7.25</version>
      <scope>compile</scope>
    </dependency>
  </dependencies>
  <properties>
    <logback.version>1.2.3</logback.version>
    <slf4j.version>1.7.25</slf4j.version>
    <hbase.version>2.0.2</hbase.version>
    <scala.binary.version>2.11</scala.binary.version>
    <flink.version>1.7.2</flink.version>
    <fastjson.version>1.2.58</fastjson.version>
  </properties>
</project>

